25500,392.16,0.000249935,-7.89779E-05,0.001643796,0.002285734,-0.000758305,0.01171632,0.000228379,-7.26926E-05,0.000987756,0.002946985,-0.000678958,0.00990528,0.004295704,-0.001197324,0.02298912,0.001930348,-0.00044575,0.008036952,0.001979869,-0.000564724,0.008212512,0.00043326,-0.00010684,0.001677984,0.00367038,-0.00086249,0.01754676,0.001541948,-0.000501492,0.01134672,0.000283726,-9.32927E-05,0.001893276,0.001146751,-0.000283262,0.004911984,0.000850596,-0.000281651,0.005092164,0.003509194,-0.000712801,0.01264956,0.001659439,-0.00044793,0.00961884,0.000405101,-0.000133099,0.002860704,0.000671155,-0.000233303,0.00400554,0.00238866,-0.000700193,0.00953568,0.001051593,-0.000352087,0.006499416,0.001532238,-0.000387068,0.006030948,0.002910087,-0.000568895,0.01134672,0.000851955,-0.000282978,0.0043428,0.001875972,-0.00058795,0.008860236,0.001026347,-0.000326207,0.004483248,0.003114956,-0.000812475,0.011004,0.00931216,-0.00213834,0.02761087,0.003725826,-0.000699718,0.01507548,0.002494466,-0.000817656,0.00955514,0.003302546,-0.00053223,0.01322314,0.003652714,-0.000750491,0.0127463,0.007309276,-0.001542054,0.02663885,0.000228956,-0.00010183,0.00138467,0.001334294,-0.00050981,0.007566167,0.007273682,-0.001590096,0.02413544,0.00727272,-0.002498184,0.03084788,0.000222126,-9.91926E-05,0.001129744,,,,0.00047215,-0.000170785,0.001949542,0.000281866,-0.000134141,0.001502046,0.000492736,-0.000221747,0.002256737,0.00132756,-0.000306244,0.005770681,0.001387204,-0.000480137,0.006866496,0.001460316,-0.000378401,0.005314015,0.001496872,-0.000476087,0.00609805,0.00471861,-0.001437492,0.01507548,0.001473784,-0.000480043,0.007686294,0.004018274,-0.00065827,0.01193934,0.001434342,-0.000720347,0.006120058,0.001420874,-0.000395923,0.004978393,0.000643097,-0.000272426,0.004174184,0.00381433,-0.00090903,0.01588244,0.002320344,-0.000862024,0.01151752,0.000948051,-0.000322541,0.00358547
25000,400,0.002247038,-0.000758159,0.01533144,0.01011488,-0.003455272,0.05334,0.00198834,-0.000598629,0.008659368,0.01172693,-0.002755048,0.03908552,0.01366182,-0.004359728,0.08182864,0.007314098,-0.001793282,0.03417824,0.008289026,-0.002435154,0.03691128,0.002770848,-0.000850897,0.01314704,0.01364044,-0.003593858,0.06572504,0.006882222,-0.00233408,0.05271008,0.002375318,-0.00065771,0.01511808,0.006471726,-0.001685956,0.02871216,0.004238585,-0.001502564,0.02787904,0.01436736,-0.00266231,0.05393944,0.00660642,-0.001702628,0.04305808,0.002534599,-0.000931235,0.0191516,0.004421384,-0.001450464,0.02673096,0.01073276,-0.003267712,0.04413504,0.005501074,-0.001856844,0.03396488,0.00797474,-0.002363256,0.03391408,0.01077552,-0.002413272,0.04346448,0.005014679,-0.001710964,0.02607056,0.009517307,-0.002967616,0.04491736,0.00576191,-0.001945414,0.0269748,0.01215642,-0.004103596,0.04077255,0.02515924,-0.006305096,0.0865592,0.01357414,-0.003099712,0.0525161,0.0112677,-0.003770004,0.0471569,0.0120083,-0.002523696,0.0495726,0.01493896,-0.003114216,0.05595695,0.02209104,-0.006005692,0.08589945,0.00233289,-0.000981403,0.0141085,0.006667516,-0.002606576,0.03338335,0.023276,-0.006022268,0.08196125,0.0231173,-0.00653198,0.106981,0.001911806,-0.000823102,0.01145935,,,,0.003141202,-0.001347836,0.01515395,0.00207368,-0.000920797,0.012383,0.004275378,-0.001474228,0.01545845,0.006495062,-0.001845116,0.03129245,0.008171992,-0.002445996,0.0405797,0.007747734,-0.002050244,0.03204355,0.007539308,-0.002544416,0.0320943,0.01504476,-0.004116028,0.0616714,0.007465248,-0.002534056,0.03750425,0.01668466,-0.002603468,0.05278,0.007343578,-0.003570056,0.031465,0.007127746,-0.001979796,0.0282373,0.004879496,-0.001982904,0.03102855,0.01155336,-0.003239572,0.06582275,0.0110032,-0.003690232,0.0491463,0.004865742,-0.0015022,0.0193662
24500,408.16,0.01138473,-0.004176,0.08660126,0.03086622,-0.01230876,0.171024,0.01395513,-0.004106052,0.06341122,0.03521448,-0.008180784,0.1294896,0.03466827,-0.01208952,0.2192772,0.02713914,-0.006674292,0.1376336,0.03101616,-0.0103784,0.1412984,0.01653624,-0.005320224,0.07595298,0.03910221,-0.01121256,0.2162232,0.0238833,-0.009644472,0.1987136,0.0124236,-0.003870108,0.08150108,0.02395827,-0.006560496,0.110962,0.01534743,-0.005520672,0.1125908,0.04224024,-0.009956628,0.1810004,0.02215899,-0.006329772,0.1505622,0.01426572,-0.005071752,0.1052612,0.01769292,-0.006416424,0.109944,0.03319029,-0.01095156,0.14761,0.02129148,-0.007744392,0.1402804,0.02785671,-0.00813798,0.1168664,0.03325455,-0.00776736,0.1510712,0.02193408,-0.004815972,0.1014946,0.02860641,-0.01000048,0.1502568,0.02386188,-0.008540964,0.1229744,0.04358436,-0.0151263,0.1547864,0.05590328,-0.01907766,0.2296471,0.04847616,-0.01324323,0.2007766,0.03753536,-0.016464,0.1626878,0.03059216,-0.007255479,0.1575215,0.04532016,-0.01294482,0.1815296,0.0574918,-0.01981854,0.2328887,0.01192968,-0.004398975,0.08510213,0.02537424,-0.009711702,0.1244977,0.05886992,-0.01741068,0.2179976,0.05243168,-0.01781199,0.2618605,0.0123084,-0.004685037,0.07949011,0.04363696,-0.01211133,0.1840621,0.01612716,-0.006764646,0.08204287,0.0128344,-0.005851923,0.07604591,0.02006164,-0.006624702,0.08739151,0.0239856,-0.006498135,0.1289549,0.02736252,-0.009782703,0.1597501,0.03005564,-0.008390466,0.1385784,0.02743616,-0.01076334,0.1336147,0.04705596,-0.01612443,0.1973324,0.0256162,-0.008775312,0.1525578,0.05374668,-0.01212162,0.1789971,0.02759396,-0.01292424,0.1262198,0.0290352,-0.008817501,0.1200405,0.02101896,-0.008003562,0.1314874,0.0312444,-0.01056783,0.1867972,0.03689364,-0.01416933,0.1624852,0.02378572,-0.01002143,0.1008138
24000,416.67,0.03050214,-0.01191836,0.2725254,0.0604118,-0.02894017,0.4231236,0.04767348,-0.01480516,0.2487838,0.08307416,-0.0305176,0.4113534,0.05881422,-0.02539353,0.4508892,0.06372334,-0.02184689,0.4130636,0.07364738,-0.02937319,0.4445514,0.04191796,-0.01314525,0.2432508,0.0651199,-0.02637298,0.421514,0.04616054,-0.02259952,0.4339884,0.04303944,-0.01702181,0.346567,0.05330204,-0.01741359,0.3008946,0.03187754,-0.01398036,0.2679984,0.070886,-0.0269091,0.4001868,0.04991644,-0.01759917,0.3830848,0.03789756,-0.01802188,0.3357022,0.04407628,-0.019589,0.3570294,0.07505452,-0.02481617,0.364675,0.0435896,-0.01921784,0.356627,0.06177662,-0.02138294,0.3381166,0.05876132,-0.01790847,0.3077354,0.0532174,-0.02236239,0.386304,0.05958656,-0.02321812,0.3814752,0.05664532,-0.02218712,0.345561,0.08940333,-0.02782875,0.3771225,0.09104712,-0.03240025,0.4334661,0.07836795,-0.02551225,0.4530465,0.07419042,-0.03096525,0.3550446,0.0814566,-0.02706,0.4147848,0.09142404,-0.03215425,0.413586,0.07951965,-0.0395855,0.4598397,0.03704286,-0.0140015,0.2742255,0.04348191,-0.01911625,0.4121874,0.09168579,-0.02934575,0.4053942,0.07060968,-0.03157,0.4560435,0.02665662,-0.01341725,0.2529468,0.07094472,-0.02313425,0.4334661,0.04387977,-0.0198235,0.2858139,0.03529437,-0.01868575,0.2650347,0.06767808,-0.022345,0.3039957,0.04080159,-0.017015,0.3387609,0.0590508,-0.02733675,0.3892104,0.06339585,-0.02493825,0.3315681,0.06896589,-0.0281055,0.3732264,0.09704643,-0.03955475,0.4672323,0.0522453,-0.0210125,0.3674322,0.1105632,-0.029725,0.4398597,0.05141817,-0.027962,0.2935062,0.06305034,-0.02528675,0.3243753,0.04174389,-0.02169925,0.3594402,0.06903918,-0.0285155,0.3875121,0.06112386,-0.0301555,0.3867129,0.05470575,-0.02887425,0.2912085
23500,425.53,0.03934008,-0.02147492,0.563124,0.07295184,-0.03995836,0.6980934,0.070551,-0.02777656,0.519036,0.0960336,-0.03745004,0.63126,0.06609681,-0.03560992,0.714426,0.07241481,-0.02809524,0.6271518,0.07389954,-0.0269336,0.5600178,0.07056153,-0.03122036,0.5718414,0.07509996,-0.0294522,0.6644262,0.05627232,-0.03313244,0.7303578,0.06226389,-0.02418884,0.5994966,0.06905574,-0.02638876,0.6136248,0.0405405,-0.0244664,0.559116,0.0906633,-0.03403708,0.6837648,0.0511758,-0.02797188,0.684366,0.05029128,-0.02833168,0.6370716,0.05325021,-0.03189884,0.6045066,0.08365032,-0.04032844,0.656811,0.05455593,-0.0325362,0.6607188,0.08264997,-0.0339754,0.618735,0.07715331,-0.02449724,0.6029034,0.06311682,-0.02732424,0.5722422,0.07537374,-0.03383148,0.6536046,0.07631091,-0.03453052,0.6584142,0.1287626,-0.05977088,0.6623617,0.08191226,-0.037632,0.7079072,0.09876332,-0.04031488,0.7070063,0.08052108,-0.04062208,0.634634,0.06921382,-0.02069504,0.6523517,0.08543728,-0.03715072,0.7112105,0.1048092,-0.05479424,0.683683,0.04854486,-0.01980416,0.5432427,0.08459002,-0.04278272,0.5362357,0.10983,-0.04603904,0.6871865,0.08030142,-0.03016704,0.7164157,0.05663044,-0.0274944,0.5527522,0.1054368,-0.0472064,0.6768762,0.0657934,-0.03892224,0.5592587,0.0582622,-0.03960832,0.5419414,0.1019222,-0.0349184,0.6142136,0.0759396,-0.02981888,0.6171165,0.0760965,-0.02604032,0.539539,0.07793746,-0.0247808,0.6779773,0.0854582,-0.03893248,0.6321315,0.1345156,-0.05497856,0.6694688,0.06538546,-0.02843648,0.6378372,0.08010268,-0.02976768,0.6728722,0.07187066,-0.0455168,0.5652647,0.08853344,-0.0406528,0.6185179,0.0595174,-0.03289088,0.6170164,0.06928704,-0.02685952,0.6524518,0.08767572,-0.0454144,0.656656,0.09720478,-0.0327168,0.5630625
23000,434.78,0.03976168,-0.02248396,0.8413542,0.0487312,-0.03473377,0.8984757,0.05542376,-0.03129468,0.7938372,0.07794864,-0.03456753,0.9803667,0.04482632,-0.03032841,0.8968581,0.04785872,-0.02475937,0.8489367,0.07036232,-0.04229769,1.004631,0.04461352,-0.0178708,0.8185056,0.04792256,-0.02588149,0.8159781,0.02896208,-0.01477458,0.8195166,0.04732672,-0.02049947,0.9302211,0.0514444,-0.02439572,0.8085978,0.03253712,-0.01896175,0.8018241,0.07196896,-0.0253516,0.914955,0.03715488,-0.01989685,0.8718864,0.0410704,-0.0253516,0.8989812,0.0459116,-0.02155925,0.9774348,0.0694792,-0.03128429,0.8660226,0.0434644,-0.03209471,0.9313332,0.05939248,-0.02855172,0.8206287,0.06311648,-0.002160081,0.9112143,0.05268928,-0.01746559,0.8616753,0.05196576,-0.02673347,0.8655171,0.05499816,-0.02935175,0.9237507,0.08181219,-0.0402186,0.9390381,0.07664883,-0.0268566,0.8163155,0.06798771,-0.0285294,0.9016007,0.07064226,-0.0418812,0.8247239,0.08350902,-0.0215016,0.9400391,0.08694432,-0.0406776,0.8373365,0.06228303,-0.0372912,0.9472463,0.03967251,-0.0190944,0.8603595,0.04139016,-0.0219402,0.9151142,0.06038841,-0.0276012,0.8365357,0.04887495,-0.0269484,0.8506498,0.03969333,-0.0242046,0.8259251,0.05354904,-0.0348228,0.8544536,0.05853543,-0.0335784,0.8423415,0.05126925,-0.019686,0.8496488,0.07915764,-0.0363324,0.8489481,0.02672247,-0.0168402,0.7102095,0.04513776,-0.0268056,0.8832824,0.05648466,-0.047328,0.8377369,0.07268262,-0.0420546,0.9178169,0.0527787,-0.024378,0.9737728,0.05669286,-0.0236844,0.8860852,0.1983105,-0.0248778,1.075074,0.06980946,-0.0350472,0.9121112,0.0575673,-0.0310998,0.7531524,0.04459644,-0.019686,0.7826819,0.04635573,-0.0271932,0.8484476,0.04369077,-0.0365772,0.8314306,0.06012816,-0.0417792,0.8026018
22500,444.44,0,0,1,0,0,1,0,0,1,0,0,1,0,0,1,0,0,1,0,0,1,0,0,1,0,0,1,0,0,1,0,0,1,0,0,1,0,0,1,0,0,1,0,0,1,0,0,1,0,0,1,0,0,1,0,0,1,0,0,1,0,0,1,0,0,1,0,0,1,0,0,1,0,0,1,0,0,1,0,0,1,0,0,1,0,0,1,0,0,1,0,0,1,0,0,1,0,0,1,0,0,1,0,0,1,0,0,1,0,0,1,0,0,1,0,0,1,0,0,1,0,0,1,0,0,1,0,0,1,0,0,1,0,0,1,0,0,1,0,0,1,0,0,1,0,0,1,0,0,1,0,0,1,0,0,1,0,0,1
22000,454.55,-0.08151045,0.05081949,0.933366,-0.07639975,0.04772781,0.9595082,-0.1170246,0.0659016,0.8669668,-0.1070118,0.06463035,0.9782948,-0.09206561,0.06076575,0.8838648,-0.0694638,0.03990708,0.919947,-0.1090978,0.06354216,0.9503634,-0.07033992,0.04356828,1.072526,-0.08453515,0.06351165,0.8751176,-0.06632437,0.04238856,1.031772,-0.0612241,0.03239145,0.9826684,-0.0814583,0.05381964,1.039724,-0.04842649,0.0407817,1.049664,-0.08679846,0.06138612,0.8653764,-0.0669606,0.04552092,0.9257122,-0.07933058,0.05346369,0.9263086,-0.07183141,0.0476973,0.863786,-0.09138766,0.07247142,0.8784972,-0.06515621,0.0464769,0.9605022,-0.08315839,0.05537565,1.00394,-0.07794339,0.04935501,0.947282,-0.05901294,0.05376879,1.0934,-0.0762433,0.0524772,0.9553334,-0.09818802,0.06653214,0.8739248,-0.09242251,0.04823481,0.8830536,-0.1281953,0.08843217,0.7921188,-0.1162125,0.06869745,0.8846472,-0.1114607,0.05881998,0.8488908,-0.07506811,0.06214617,0.9743868,-0.1119772,0.0501456,0.8179152,-0.1445167,0.08787612,0.90387,-0.06901473,0.05421993,1.003968,-0.090904,0.06750447,0.8687112,-0.14462,0.08206287,0.9393276,-0.09278406,0.06016461,0.8752848,-0.08300155,0.06028593,0.95616,-0.1210676,0.07806942,0.890424,-0.128092,0.06486576,0.8786712,-0.09165809,0.06946581,0.92379,-0.1537104,0.1141419,0.9250848,-0.08973671,0.06172155,0.840624,-0.1015955,0.06583632,0.9256824,,,,-0.1145597,0.068748,0.862536,-0.1365626,0.08605632,0.9029736,-0.08270198,0.06312684,0.87648,-0.04686721,0.05643402,0.9274752,-0.06796107,0.04759788,0.9450048,-0.122927,0.07190232,0.8662212,-0.08174129,0.04537368,0.88644,-0.09901305,0.06196419,0.8425164,-0.1191049,0.07150803,0.898392,-0.1091881,0.05539269,0.8369388
21500,465.12,-0.1865472,0.143846,0.76032,-0.1891497,0.140807,0.83952,-0.2532753,0.1617761,0.723789,-0.2986629,0.1917609,0.658251,-0.2353701,0.1736282,0.679536,-0.2250642,0.1375654,0.688644,-0.2610828,0.1790984,0.74448,-0.1549008,0.113456,0.984852,-0.1935219,0.1603579,0.737946,-0.1580238,0.1274354,0.848529,-0.1924809,0.1153807,0.789624,-0.2476539,0.1774776,0.77913,-0.1512573,0.1304744,0.882387,-0.2101779,0.15195,0.76923,-0.194667,0.1411109,0.714285,-0.1906071,0.1500253,0.73953,-0.1631247,0.1217626,0.643005,-0.236307,0.1902414,0.630432,-0.1733265,0.1351342,0.785268,-0.2330799,0.1589397,0.793188,-0.2200674,0.1611683,0.711216,-0.1829037,0.1603579,0.931689,-0.200913,0.1586358,0.761409,-0.2336004,0.1798075,0.678447,-0.2541816,0.1644897,0.690135,-0.2862768,0.195123,0.7741428,-0.2577936,0.1634787,0.6951,-0.2608896,0.185013,0.6677925,-0.1913328,0.1503357,0.833127,-0.2668752,0.1712634,0.6536919,-0.28896,0.1998747,0.7479276,-0.1765752,0.1460895,0.8065146,-0.183696,0.1514478,0.7263795,-0.3139344,0.2008857,0.7134705,-0.2341608,0.1720722,0.6824889,-0.1874112,0.168837,0.7954923,-0.3001056,0.1956285,0.7181376,-0.2860704,0.1798569,0.7246914,-0.1868952,0.1621644,0.7240956,-0.3022728,0.1999758,0.6570681,-0.2121792,0.1666128,0.7170453,-0.2304456,0.168837,0.8602359,-0.2376696,0.1605468,0.6837798,-0.2400432,0.1783404,0.6590541,-0.2747184,0.1985604,0.7578576,-0.1920552,0.1661073,0.7160523,-0.2343672,0.1643886,0.7341249,-0.1968024,0.1541775,0.7245921,-0.2914368,0.1898658,0.7203222,-0.1743048,0.128397,0.7529919,-0.2412816,0.165804,0.7015545,-0.2446872,0.179958,0.6800064,-0.2567616,0.1893603,0.650415
21250,470.59,-0.2622714,0.211419,0.6187804,-0.269357,0.2229786,0.6001496,-0.3431306,0.2397096,0.5337526,-0.3390668,0.2293668,0.5947982,-0.3070774,0.2412306,0.5135362,-0.303743,0.2023944,0.5899423,-0.3446936,0.256035,0.6484113,-0.2351794,0.1979328,0.6239336,-0.2554984,0.221052,0.568834,-0.2218418,0.1882998,0.6884477,-0.231845,0.1604148,0.6496005,-0.3477154,0.2554266,0.6003478,-0.2165276,0.2013804,0.675862,-0.2798812,0.2392026,0.6075821,-0.2512262,0.2023944,0.6056992,-0.2527892,0.216996,0.588654,-0.242265,0.1756248,0.4808332,-0.3138504,0.2767206,0.4020487,-0.2389306,0.1994538,0.6574294,-0.3114538,0.2137512,0.8100434,-0.2895718,0.226629,0.5399959,-0.248517,0.2405208,0.6866639,-0.2705032,0.226122,0.6085731,-0.3017632,0.246402,0.5343472,-0.336295,0.2356015,0.5921225,-0.346492,0.2650643,0.6137263,-0.32136,0.2246034,0.5753746,-0.320227,0.2531581,0.5174011,-0.279439,0.2166323,0.6446455,-0.325583,0.2238971,0.5437617,-0.365341,0.2678895,0.5408878,-0.244728,0.2097711,0.6949883,-0.241226,0.2061387,0.5946,-0.391091,0.2695039,0.5814197,-0.266152,0.2100738,0.5498068,-0.239887,0.2246034,0.6687268,-0.375332,0.2650643,0.5734917,-0.339488,0.2513419,0.5422752,-0.238445,0.2230899,0.6244291,-0.359779,0.2679904,0.5180948,-0.267594,0.2245025,0.5808251,-0.292211,0.2335835,0.665952,-0.284486,0.2106792,0.5692304,-0.303335,0.2518464,0.580726,-0.333308,0.2581022,0.5930144,-0.238342,0.2201638,0.6014379,-0.331042,0.229043,0.6054019,-0.253071,0.2147152,0.6561411,-0.346286,0.2479113,0.5929153,-0.238239,0.1762723,0.6180867,-0.300451,0.2190539,0.5412842,-0.287061,0.2344916,0.5632844,-0.315901,0.2516446,0.5674466
21000,476.19,-0.3017632,0.2722768,0.5057073,-0.3371912,0.3054962,0.4535807,-0.4057548,0.3048848,0.4085893,-0.4476432,0.3482942,0.3982829,-0.3698058,0.3226154,0.409283,-0.3556346,0.2717673,0.4486257,-0.4090892,0.3275066,0.4138416,-0.2647722,0.262902,0.5078875,-0.3098908,0.3070247,0.3955081,-0.2635218,0.2429296,0.5632844,-0.31781,0.2205116,0.4180038,-0.397002,0.332194,0.4024451,-0.2798812,0.2760471,0.4956982,-0.3507372,0.2922492,0.4157245,-0.3072858,0.2718692,0.4732025,-0.2972826,0.2795117,0.4452563,-0.2701906,0.2247914,0.4064091,-0.3515708,0.3385118,0.3889675,-0.2883214,0.2702388,0.4587339,-0.360532,0.3033563,0.4955,-0.3435474,0.307738,0.3485347,-0.3029094,0.3194565,0.4607159,-0.3233326,0.2957138,0.4391121,-0.3724108,0.3134444,0.4006613,-0.381306,0.2874738,0.4347936,-0.391503,0.3268524,0.450368,-0.366577,0.2721432,0.4408448,-0.373993,0.316632,0.4634624,-0.311266,0.259518,0.4544352,-0.364723,0.2784558,0.4119776,-0.423021,0.3344676,0.4271552,-0.283868,0.2709408,0.513856,-0.293241,0.2704398,0.4581056,-0.456805,0.3410808,0.4294368,-0.299215,0.248997,0.4159456,-0.280469,0.2844678,0.4998688,-0.439295,0.3422832,0.412672,-0.401803,0.3278544,0.407216,-0.285825,0.2871732,0.4820128,-0.40067,0.3213414,0.3717024,-0.305704,0.2757504,0.4351904,-0.345462,0.3090168,0.5109792,-0.327334,0.2587164,0.4173344,-0.351127,0.3125238,0.4157472,-0.400052,0.3333654,0.4426304,-0.281911,0.2751492,0.461776,-0.413339,0.28557,0.4630656,-0.288606,0.2656302,0.5021504,-0.420343,0.3222432,0.4482848,-0.276967,0.2307606,0.4256672,-0.353496,0.2784558,0.3905504,-0.333514,0.3053094,0.4589984,-0.362148,0.316131,0.400272
20750,481.93,-0.36639,0.34914,0.3560775,-0.3526245,0.3608792,0.303577,-0.450018,0.3768688,0.2914615,-0.491211,0.394174,0.2680185,-0.401373,0.3884056,0.2835815,-0.3971295,0.3251556,0.2944165,-0.470304,0.4066216,0.3200265,-0.337617,0.3389188,0.3101765,-0.333684,0.3641176,0.2853545,-0.3014955,0.3031952,0.389469,-0.3882285,0.2981352,0.329581,-0.4677165,0.423522,0.329581,-0.3120525,0.3469136,0.352827,-0.394128,0.3740352,0.2983565,-0.3704265,0.3402344,0.3255425,-0.353349,0.3464076,0.331157,-0.3412395,0.2986412,0.272057,-0.421659,0.4453812,0.296879,-0.3373065,0.3456992,0.3332255,-0.430767,0.3715052,0.3208145,-0.4126545,0.3818276,0.283089,-0.3257145,0.3960968,0.366223,-0.363285,0.368368,0.3152,-0.409239,0.4046988,0.3030845,-0.444096,0.3783555,0.3094484,-0.4290872,0.4057065,0.3282237,-0.4216856,0.355563,0.3118076,-0.4308348,0.4258652,0.2989303,-0.3548656,0.3345939,0.3296982,-0.4236388,0.3595137,0.2866428,-0.4638336,0.414317,0.2878224,-0.3260816,0.3435083,0.3918238,-0.3391372,0.3422927,0.3030589,-0.5225324,0.431538,0.3091535,-0.3493144,0.3173729,0.3084654,-0.3300908,0.3721762,0.3703944,-0.5017668,0.4269795,0.2918527,-0.4643476,0.4012493,0.2924425,-0.3360532,0.362654,0.347982,-0.4834684,0.4219145,0.2711114,-0.3286516,0.3366199,0.3036487,-0.3903316,0.3843322,0.3700995,-0.381902,0.3262873,0.2980456,-0.3969108,0.3868647,0.2974558,-0.4748332,0.4165456,0.3186886,-0.3218668,0.3455343,0.3216376,-0.4647588,0.3550565,0.3275356,-0.3295768,0.3439135,0.3768822,-0.4829544,0.4291068,0.3393316,-0.3306048,0.2958973,0.3457211,-0.3963968,0.3502954,0.2999133,-0.3637064,0.3797737,0.3160345,-0.4071908,0.3905115,0.3034521
20500,487.8,-0.3747618,0.4285819,0.2533652,-0.4337235,0.4700058,0.2086249,-0.4981389,0.4369068,0.181115,-0.5133681,0.477428,0.1887512,-0.4361931,0.4535566,0.1935483,-0.4480266,0.3926745,0.191884,-0.4703559,0.4713097,0.2282049,-0.3585036,0.4085219,0.2162611,-0.3665298,0.4471374,0.1985412,-0.3229002,0.3923736,0.2783297,-0.4034709,0.3439287,0.2162611,-0.4792053,0.4926736,0.214401,-0.3618993,0.4138378,0.2254637,-0.4388685,0.4739175,0.2061774,-0.4034709,0.4181507,0.2291839,-0.3801126,0.4234666,0.231044,-0.3337047,0.3442296,0.194821,-0.4564644,0.52156,0.1944294,-0.3849489,0.432293,0.2397571,-0.4678863,0.4815403,0.2407361,-0.3972969,0.4426239,0.1934504,-0.377643,0.4725133,0.2393655,-0.3965766,0.477428,0.2279112,-0.4463802,0.4746196,0.193842,-0.4691898,0.4341,0.2077079,-0.466317,0.489,0.2197988,-0.4621104,0.3987,0.2036776,-0.4687794,0.5112,0.2056436,-0.3843396,0.4061,0.2303169,-0.44118,0.4002,0.1879496,-0.4993542,0.4925,0.2040708,-0.3469932,0.4146,0.266393,-0.330885,0.391,0.2023014,-0.5573232,0.4965,0.2027929,-0.3795174,0.3779,0.2322829,-0.3795174,0.4562,0.2709148,-0.5303394,0.4696,0.1961085,-0.5057154,0.4969,0.1963051,-0.3687444,0.4508,0.2428993,-0.5041764,0.4954,0.1801839,-0.3912138,0.4292,0.2165549,-0.4061934,0.4593,0.2568579,-0.3871098,0.376,0.1953221,-0.417582,0.4611,0.201515,-0.4753458,0.4731,0.2153753,-0.3449412,0.401,0.2141957,-0.5423436,0.4241,0.218226,-0.3382722,0.3876,0.251648,-0.5106402,0.4913,0.2243206,-0.3470958,0.3661,0.2176362,-0.4265082,0.4145,0.2084943,-0.38475,0.4467,0.21626,-0.4507218,0.474,0.1982711
20250,493.83,-0.4065233,0.5130525,0.1679472,-0.3788925,0.5132535,0.1344951,-0.5444711,0.536469,0.1233117,-0.5397285,0.571443,0.123606,-0.4601353,0.555162,0.123606,-0.4683833,0.491244,0.1365552,-0.5306557,0.5673225,0.129492,-0.3645616,0.462702,0.141264,-0.3575508,0.5206905,0.1283148,-0.3521896,0.469737,0.1790325,-0.4766313,0.4312455,0.1362609,-0.5417905,0.5984775,0.1311597,-0.3215689,0.4947615,0.1646118,-0.4799305,0.5363685,0.1282167,-0.4229162,0.517575,0.1531341,-0.403121,0.5176755,0.1613745,-0.3801297,0.4654155,0.1377324,-0.4974575,0.626517,0.1195839,-0.3998218,0.5030025,0.151074,-0.4561144,0.5440065,0.1449918,-0.4250813,0.546117,0.1548018,-0.3537361,0.577875,0.1570581,-0.4184829,0.5421975,0.1378305,-0.4695174,0.584709,0.1272357,-0.4805333,0.5172822,0.135536,-0.4967599,0.5965029,0.1474545,-0.4400695,0.4829166,0.141446,-0.4766307,0.6138855,0.1348465,-0.4147026,0.4533462,0.170602,-0.4663607,0.4954041,0.128641,-0.5016895,0.5711283,0.1311035,-0.39026,0.5159835,0.1929615,-0.3831737,0.4983012,0.144401,-0.5762497,0.5942052,0.137506,-0.4140864,0.4720275,0.1431205,-0.4055623,0.574425,0.1795655,-0.5616663,0.6009984,0.1313005,-0.5181215,0.5790204,0.1313005,-0.3904654,0.5280714,0.156221,-0.4887493,0.5678316,0.1181015,-0.3875898,0.493506,0.140067,-0.4428424,0.5647347,0.166859,-0.4103892,0.4737258,0.1417415,-0.4227132,0.5397597,0.1273605,-0.5207917,0.5732262,0.1413475,-0.3816332,0.5012982,0.1472575,-0.5516017,0.5130864,0.151887,-0.3767036,0.5128866,0.1815355,-0.5368129,0.611388,0.1502125,-0.3698227,0.4376619,0.176315,-0.430313,0.4956039,0.138097,-0.3941626,0.5436558,0.1441055,-0.4634851,0.5563431,0.13396
20000,500,-0.3843261,0.6136728,0.1066947,-0.4050022,0.6282744,0.0796509,-0.5297861,0.631215,0.07623588,-0.562099,0.6780618,0.07344267,-0.4512377,0.6728904,0.08485239,-0.4607965,0.5655078,0.08601705,-0.5129543,0.6599112,0.09646938,-0.3166872,0.561249,0.09487044,-0.378196,0.632736,0.08319423,-0.3464026,0.5634798,0.1199205,-0.3597018,0.4854018,0.1000818,-0.4892651,0.6831318,0.08325345,-0.3705074,0.606879,0.09410058,-0.4292109,0.6247254,0.08847468,-0.4493675,0.6090084,0.09795975,-0.4056256,0.5879172,0.09602523,-0.3933654,0.5660148,0.08710275,-0.4117557,0.6785688,0.08138802,-0.4132103,0.610935,0.09225489,-0.4734723,0.6519006,0.0901131,-0.4153922,0.6736002,0.08979726,-0.3943005,0.6678204,0.09136659,-0.3858846,0.6487572,0.09157386,-0.4486402,0.6769464,0.07879221,-0.5038228,0.6396484,0.0844272,-0.4814124,0.7010932,0.09100032,-0.4791508,0.5910548,0.08755632,-0.437928,0.7072176,0.08203608,-0.383444,0.5661556,0.1029264,-0.4511892,0.5876412,0.08028456,-0.463114,0.6423592,0.07968432,-0.3610336,0.598384,0.1157184,-0.3545572,0.5809144,0.09347016,-0.5609796,0.6898484,0.08315784,-0.4557124,0.5782036,0.09207288,-0.3950604,0.625994,0.113652,-0.5272612,0.7021976,0.08390568,-0.5161588,0.6924588,0.0805896,-0.3863224,0.6534032,0.0996792,-0.512458,0.6728808,0.0714876,-0.4243584,0.6483832,0.0914628,-0.4231248,0.6248896,0.1029264,-0.4191156,0.5395496,0.08067816,-0.4193212,0.6222792,0.08171136,-0.4966268,0.6684632,0.08571624,-0.368024,0.573786,0.09066576,-0.577736,0.617962,0.09593016,-0.3599028,0.558726,0.1069608,-0.4957016,0.6911536,0.09148248,-0.4866552,0.5681636,0.1035168,-0.4221996,0.5936652,0.08616888,-0.377276,0.6235844,0.090282,-0.4078076,0.650592,0.0836892
19750,506.33,-0.3783312,0.7295512,0.06511878,-0.3589296,0.7257284,0.04847121,-0.4944312,0.7265332,0.04327191,-0.482976,0.7406172,0.04706838,-0.4150704,0.7732116,0.04529277,-0.4199208,0.6701972,0.052974,-0.4491264,0.7438364,0.04948164,-0.3754416,0.6826716,0.05203224,-0.334368,0.7256278,0.04747059,-0.3507768,0.6778428,0.0695529,-0.40506,0.6390112,0.06746337,-0.4913352,0.8062084,0.04762755,-0.2955648,0.6904178,0.06063561,-0.4239456,0.7401142,0.04838292,-0.4152768,0.7458484,0.06044922,-0.3843168,0.718284,0.05959575,-0.3826656,0.6854884,0.05054112,-0.4389096,0.7969532,0.04085865,-0.3887544,0.713254,0.05436702,-0.373068,0.718787,0.04985442,-0.394224,0.7462508,0.05584833,-0.34572,0.788201,0.05472018,-0.368424,0.7277404,0.04896171,-0.4131096,0.7652642,0.04337982,-0.4736016,0.7330323,0.0513586,-0.4256874,0.7781774,0.05031768,-0.4292784,0.7124117,0.0554339,-0.4050648,0.8075067,0.04612454,-0.4199418,0.7402395,0.05786926,-0.4243536,0.6840834,0.0484617,-0.4184028,0.7502495,0.04943388,-0.3641274,0.7140133,0.07102806,-0.3769524,0.7126119,0.05233078,-0.516078,0.7784777,0.04734222,-0.3817746,0.6739733,0.05647482,-0.3547908,0.7636629,0.06668762,-0.4879656,0.8024016,0.04789214,-0.4605714,0.7665658,0.04586922,-0.3418632,0.7273266,0.0606876,-0.439128,0.7736729,0.04215726,-0.3579714,0.7231224,0.0563668,-0.4310226,0.7693686,0.06028498,-0.3998322,0.6645639,0.05333242,-0.3587922,0.7103096,0.0452211,-0.4825278,0.76076,0.05019984,-0.3492504,0.7011004,0.05642572,-0.5370084,0.7391384,0.05902802,-0.3643326,0.7174167,0.0681508,-0.4626234,0.7836829,0.05071048,-0.4224042,0.6945939,0.0681999,-0.3923424,0.7199192,0.05276286,-0.356022,0.7445438,0.05168266,-0.4107078,0.7500493,0.0487563
19500,512.82,-0.3236144,0.8401393,0.02971542,-0.2787936,0.8112104,0.02438338,-0.4109944,0.8100092,0.02198007,-0.3682296,0.8787779,0.02447095,-0.3152876,0.8627619,0.02474339,-0.3660708,0.7854847,0.02687426,-0.3600056,0.8646638,0.03232306,-0.2335616,0.7778771,0.02983218,-0.2803356,0.8387379,0.02297253,-0.214338,0.7503496,0.03895892,-0.3390344,0.7626619,0.03262469,-0.3625756,0.8350342,0.02329362,-0.275504,0.8285277,0.02810997,-0.3308104,0.867867,0.02424716,-0.3410904,0.8451443,0.02994894,-0.31354,0.81081,0.03048409,-0.3158016,0.7751744,0.02601802,-0.3201192,0.8802794,0.02342984,-0.3035684,0.8269261,0.02915108,-0.32639,0.8353345,0.02536611,-0.3069608,0.8693685,0.02688399,-0.2860924,0.8510502,0.02562882,-0.2995592,0.8557549,0.0237412,-0.3090168,0.838838,0.02106545,-0.3675633,0.8469906,0.02689698,-0.3264833,0.894786,0.02683806,-0.3603743,0.8119206,0.02668094,-0.3166241,0.8923812,0.02182986,-0.2669173,0.7966902,0.04147968,-0.3542123,0.837171,0.02534542,-0.3521583,0.8704374,0.02480532,-0.270101,0.8363694,0.03811142,-0.2782143,0.8325618,0.02982334,-0.3868709,0.8706378,0.02362692,-0.3156998,0.8194356,0.02978406,-0.2799602,0.8479926,0.03311304,-0.3739307,0.8740446,0.02389206,-0.3865628,0.8979924,0.0232734,-0.2938247,0.8483934,0.0302456,-0.348153,0.8423814,0.0215549,-0.3232996,0.8613192,0.02839944,-0.3203213,0.870237,0.03159094,-0.323505,0.7991952,0.02593462,-0.3025542,0.8432832,0.02320466,-0.3283319,0.8328624,0.02844854,-0.295776,0.8322612,0.0303929,-0.457015,0.867732,0.02865476,-0.2722577,0.7901772,0.03492974,-0.363558,0.8390748,0.02628814,-0.3756766,0.8503974,0.03703122,-0.2976246,0.8292552,0.02782006,-0.2784197,0.8409786,0.02904756,-0.3349047,0.8485938,0.02282168
19250,519.48,-0.2096023,0.9572625,0.00921004,-0.1622794,0.9644985,0.00903756,-0.2550694,0.9363585,0.00850542,-0.2687817,0.9445995,0.00792526,-0.1595988,0.950529,0.00966574,-0.2122829,0.904902,0.0108192,-0.1807343,0.915555,0.0104076,-0.1955807,0.9447,0.0102998,-0.1575368,0.9301275,0.0099078,-0.1146472,0.88641,0.016758,-0.2323874,0.9150525,0.0107996,-0.1846521,0.9655035,0.00922278,-0.1406284,0.9192735,0.0127106,-0.2264076,0.90249,0.0101332,-0.2174379,0.943494,0.0120638,-0.1974365,0.9458055,0.013132,-0.1947559,0.9039975,0.0099764,-0.1950652,1.00701,0.00881706,-0.173208,0.9126405,0.0115346,-0.1630011,0.9228915,0.0100156,-0.1717646,0.952338,0.0109662,-0.1531035,0.964197,0.0116718,-0.1530004,0.9572625,0.0110838,-0.1925908,0.936861,0.00831922,-0.2347008,0.9198,0.00915008,-0.2158592,1.01,0.008777372,-0.2034688,0.9146,0.01024454,-0.1998848,0.9506,0.007758834,-0.211456,0.9586,0.01166438,-0.2055168,0.9355,0.0097614,-0.228352,1.002,0.008286344,-0.1898496,0.9325,0.01495762,-0.1770496,0.9341,0.01203906,-0.2300928,0.9567,0.00848946,-0.1924096,0.9456,0.011339,-0.1937408,0.9886,0.01277856,-0.2325504,0.9405,0.01019524,-0.2059264,0.952,0.009030774,-0.1686528,0.9497,0.01154606,-0.2147328,0.9601,0.007315134,-0.2586624,0.9305,0.01171368,-0.2045952,0.9439,0.01111222,-0.1885184,0.919,0.01037272,-0.1927168,0.9279,0.00834649,-0.2269184,0.9524,0.008345504,-0.1815552,0.9274,0.01117138,-0.2902016,0.9534,0.01111222,-0.1586176,0.9343,0.0140505,-0.1949696,0.9483,0.01023468,-0.2158592,0.925,0.01190102,-0.2075648,0.9328,0.01108264,-0.1828864,0.9616,0.01032342,-0.2315264,0.9037,0.008452978
19000,526.32,0,1,0,0,1,0,0,1,0,0,1,0,0,1,0,0,1,0,0,1,0,0,1,0,0,1,0,0,1,0,0,1,0,0,1,0,0,1,0,0,1,0,0,1,0,0,1,0,0,1,0,0,1,0,0,1,0,0,1,0,0,1,0,0,1,0,0,1,0,0,1,0,0,1,0,0,1,0,0,1,0,0,1,0,0,1,0,0,1,0,0,1,0,0,1,0,0,1,0,0,1,0,0,1,0,0,1,0,0,1,0,0,1,0,0,1,0,0,1,0,0,1,0,0,1,0,0,1,0,0,1,0,0,1,0,0,1,0,0,1,0,0,1,0,0,1,0,0,1,0,0,1,0,0,1,0,0,1,0
18750,533.33,0.2037161,1.033265,-0.00702491,0.2394646,1.043115,-0.002756148,0.2540661,1.01455,-0.004856894,0.2010979,1.025385,-0.006234968,0.2280855,1.037205,-0.00491071,0.2584969,1.033265,-0.006936498,0.2548717,0.963133,-0.003549934,0.1819649,1.04213,-0.007056623,0.2163036,1.00864,-0.004544569,0.2438954,1.00076,-0.005885164,0.3659438,1.04213,-0.005649719,0.2337247,1.07365,-0.004710822,0.2151959,1.027355,-0.005831348,0.2736019,1.03228,-0.006440622,0.206435,1.07562,-0.007561148,0.2270785,1.05001,-0.00728438,0.2864915,1.03425,-0.005987991,0.2314086,1.04016,-0.004417717,0.235638,1.039175,-0.006651081,0.253764,1.019475,-0.00459358,0.2720914,1.021445,-0.003417316,0.2377527,1.027355,-0.003868025,0.223554,1.035235,-0.006816373,0.2294953,1.02243,-0.004911671,0.220689,1.048,-0.007308232,0.2080782,1.054,-0.003793142,0.2541483,1.02,-0.006523376,0.2263842,1.026,-0.004103732,0.2087901,1.079,-0.008166052,0.2599452,1.053,-0.006496754,0.2570976,1.001,-0.004884644,0.1938402,1.039,-0.007199772,0.2741832,1.018,-0.003772436,0.2589282,1.021,-0.004368966,0.2689965,1.026,-0.005857826,0.2158074,1.059,-0.007553746,0.2472327,1.055,-0.00402781,0.260352,1.038,-0.004087956,0.1960776,1.043,-0.006097424,0.3078459,1.039,-0.003336624,0.2112309,1.03,-0.006164472,0.225774,1.042,-0.005840078,0.2626911,1.022,-0.006878336,0.2403171,1.004,-0.004923098,0.255267,1.064,-0.00501874,0.2151972,1.05,-0.007328938,0.3375423,1.034,-0.004378826,0.2462157,1.028,-0.00784363,0.2647251,1.024,-0.004342344,0.2750985,1.036,-0.006604228,0.2772342,1.035,-0.004789002,0.2402154,1.023,-0.005139032,0.2557755,0.9919,-0.003647214
18500,540.54,0.43935,1.05046,-0.009363464,0.473791,1.024694,-0.00837804,0.586406,0.997937,-0.008017944,0.571559,1.061361,-0.007283232,0.519039,1.056406,-0.008215416,0.824059,1.13965,-0.01056088,0.648319,1.027667,-0.008119584,0.498132,1.076226,-0.008313184,0.483184,1.076226,-0.006990896,0.526109,1.059379,-0.008723616,0.605394,1.088118,-0.0137456,0.521362,1.113884,-0.00806344,0.48278,1.074244,-0.00909436,0.586608,1.042532,-0.009053704,0.544996,1.120821,-0.01119008,0.534088,1.065325,-0.0098252,0.571256,1.056406,-0.008032464,0.5656,1.085145,-0.006084848,0.53934,1.101992,-0.010406,0.603576,1.058388,-0.007601704,0.674074,1.124785,-0.005898992,0.481063,1.042532,-0.007370352,0.502273,1.061361,-0.00968,0.519241,1.06037,-0.007275488,0.6207564,1.041865,-0.00747348,0.5241852,1.048844,-0.008901264,0.5858721,1.043859,-0.009545784,0.5446452,1.059811,-0.006722688,0.5952837,1.034886,-0.008577528,0.5838261,1.054826,-0.0079458,0.555489,1.017937,-0.006615432,0.4837767,1.031895,-0.01144392,0.5434176,1.067787,-0.00725208,0.6380451,1.044856,-0.007401648,0.5850537,1.037877,-0.00889044,0.4984056,1.049841,-0.01140456,0.5910894,1.009961,-0.005450376,0.5807571,1.060808,-0.006664632,0.4646466,1.055823,-0.008589336,0.6033654,1.014946,-0.005878416,0.4870503,1.057817,-0.00862968,0.5276634,1.045853,-0.009276168,0.5895549,1.050838,-0.01004664,0.5676627,1.052832,-0.00714384,0.6472521,1.030898,-0.006151968,0.481833,1.052832,-0.01031232,0.7370715,1.040868,-0.008229192,0.5490441,1.03688,-0.01192608,0.586179,1.013949,-0.006436344,0.6303726,1.051835,-0.01004664,0.5699133,1.014946,-0.008256744,0.483879,1.012952,-0.006434376,0.5921124,1.00697,-0.005917776
18250,547.95,0.784595,1.022892,-0.01104355,0.818699,1.029864,-0.01129653,1.010331,1.00596,-0.007701295,0.9150225,1.013928,-0.007532966,0.831488,1.018908,-0.009246419,0.9960195,1.00596,-0.01066408,0.974603,0.9550644,-0.008370719,0.7727195,1.042812,-0.01208466,0.7861175,1.034844,-0.008336664,0.810782,0.9774744,-0.01015812,1.294125,1.107552,-0.01611288,0.8161615,1.038828,-0.007987357,0.743792,1.06074,-0.00854294,0.9592765,1.057752,-0.009377774,0.8606185,1.076676,-0.01321334,0.8656935,1.0458,-0.01281441,0.918981,0.9711996,-0.009640484,0.8977675,1.059744,-0.007927031,0.8116955,1.04082,-0.01248359,0.842856,0.9896256,-0.009675512,0.9359315,1.008948,-0.008360016,0.7719075,1.027872,-0.008092441,0.797384,1.071696,-0.01137437,0.843871,1.03086,-0.00796887,0.9786283,0.9916162,-0.009538049,0.8288917,1.011955,-0.01198277,0.9405266,1.008964,-0.00995779,0.8744905,0.9922144,-0.007518967,1.07835,1.073769,-0.01072453,0.9651746,1.007967,-0.008881405,0.9220406,0.9837399,-0.007089396,0.7636772,1.029901,-0.01298543,0.9011925,1.035883,-0.008696601,1.006768,0.9885255,-0.007587777,0.9793472,1.031895,-0.01016422,0.8230378,1.053829,-0.01265121,0.9764716,0.9932114,-0.006657859,0.9833525,1.010958,-0.0071759,0.724035,1.020928,-0.01067538,1.033162,0.9945075,-0.006429803,0.7560774,1.015943,-0.01011507,0.8685339,1.022922,-0.01156008,0.8922576,0.9876282,-0.01043946,0.8857875,0.9755645,-0.007851221,1.014573,0.9683861,-0.006385568,0.7627529,1.025913,-0.01182549,1.120457,1.00697,-0.009539032,0.8435778,1.008964,-0.01237597,1.005433,0.9844378,-0.007328265,1.00913,1.001985,-0.01193362,0.942786,0.9774588,-0.008705448,0.8189298,1.014946,-0.009454494,0.9127976,0.990021,-0.006718805
18000,555.56,1.152921,0.9482175,-0.0116032,1.153944,0.951534,-0.0098392,1.361613,0.9224895,-0.00831824,1.348314,0.9447,-0.0084623,1.165197,0.9723375,-0.0101332,1.615317,0.969825,-0.0114758,1.412763,0.906912,-0.00662284,1.173381,0.996357,-0.0114464,1.13553,1.00701,-0.00889546,1.189749,0.9634935,-0.0117208,1.707387,1.010025,-0.0130438,1.208163,1.005,-0.00902678,1.119162,0.9974625,-0.0093688,1.396395,0.9717345,-0.010143,1.255221,1.03515,-0.0129262,1.211232,0.974448,-0.0118482,1.281819,0.9259065,-0.00956578,1.269543,0.9749505,-0.00799092,1.198956,0.9791715,-0.0114072,1.382073,0.9624885,-0.00813498,1.414809,1.008015,-0.0088739,1.138599,0.972237,-0.0086877,1.089495,0.994146,-0.0116914,1.247037,0.97083,-0.00788998,1.410001,0.9455548,-0.00990864,1.250725,0.9653951,-0.01066555,1.330363,0.9353854,-0.0105181,1.307901,0.9776582,-0.00751012,1.375287,0.9823441,-0.0101249,1.366098,0.9594131,-0.009344398,1.284418,0.9177385,-0.007987858,1.134331,1.000988,-0.01291662,1.316069,0.9792534,-0.008343704,1.454925,0.933192,-0.008027178,1.407959,0.9927129,-0.01003643,1.16394,0.98703,-0.01304441,1.411022,0.9358839,-0.006888864,1.393665,0.9613074,-0.007427548,1.080218,0.9944078,-0.01084249,1.495765,0.9476485,-0.006593964,1.108806,0.9627032,-0.00994796,1.275229,0.997997,-0.01042963,1.318111,0.9312977,-0.0106164,1.258893,0.955126,-0.008288656,1.483513,0.9338899,-0.006971436,1.114932,0.9818456,-0.01212039,1.689755,0.9736702,-0.00983,1.220095,0.9649963,-0.01378166,1.399791,0.9549266,-0.007728346,1.516185,0.9645975,-0.0112062,1.376308,0.9539296,-0.009527236,1.165982,0.9417662,-0.009612757,1.364056,0.9449566,-0.007129699
17750,563.38,1.549845,0.8857849,-0.01092144,1.583604,0.8829821,-0.008450208,1.896642,0.8517509,-0.007460544,1.853676,0.8327319,-0.007136512,1.558029,0.88088,-0.009724864,1.916079,0.8331323,-0.01105808,1.877205,0.803803,-0.005266496,1.633731,0.9488479,-0.01271728,1.494603,0.898898,-0.008228656,1.476189,0.8725717,-0.01252208,2.528856,0.8450442,-0.0145912,1.569282,0.9430421,-0.00737856,1.410717,0.9394385,-0.006816384,1.907895,0.899899,-0.0098576,1.686927,0.9362353,-0.01258064,1.67772,0.8973965,-0.00993568,1.74933,0.8394386,-0.00810568,1.716594,0.8710702,-0.007259488,1.61634,0.8866858,-0.01027728,1.786158,0.8449441,-0.007380512,1.691019,0.8727719,-0.009079728,1.533477,0.8989981,-0.009124624,1.548822,0.8845837,-0.00943792,1.653168,0.879879,-0.007648912,1.88468,0.8559624,-0.01009449,1.61036,0.845604,-0.009035991,1.80848,0.8312616,-0.008853525,1.708912,0.8952048,-0.007020036,1.890776,0.9464988,-0.009791361,1.921256,0.8900256,-0.008893746,1.817624,0.8093496,-0.005926221,1.541272,0.9126348,-0.01203687,1.739392,0.8931132,-0.009082098,1.978152,0.832158,-0.007128927,1.88468,0.8915196,-0.009297918,1.646936,0.9635304,-0.01323369,1.876552,0.8760816,-0.006655104,1.918208,0.836142,-0.006451056,1.440688,0.9095472,-0.00988848,1.946656,0.843114,-0.005728059,1.512824,0.8875356,-0.009589275,1.669288,0.8972964,-0.01042803,1.863344,0.8953044,-0.010791,1.70688,0.8452056,-0.007486992,1.975104,0.85656,-0.006644313,1.552448,0.9196068,-0.01100682,2.146808,0.895902,-0.01113435,1.603248,0.8768784,-0.01233117,1.973072,0.8741892,-0.006814026,2.035048,0.8694084,-0.01083024,1.836928,0.8691096,-0.008381664,1.583944,0.8673168,-0.008989884,1.806448,0.8599464,-0.006110649
17500,571.43,1.966878,0.7517225,-0.009000199,1.98315,0.733514,-0.008178733,2.443851,0.719982,-0.006207603,2.323845,0.738091,-0.008762304,1.950606,0.744857,-0.009165269,2.717424,0.6904305,-0.008123386,2.334015,0.6985895,-0.006030881,2.066544,0.7684385,-0.008144748,1.919079,0.797592,-0.00684555,2.002473,0.764359,-0.00984594,2.595384,0.7590855,-0.009556582,2.179431,0.7761,-0.007872868,1.884501,0.771722,-0.008335064,2.42046,0.776697,-0.008582669,2.203839,0.8225665,-0.01056448,2.063493,0.7523195,-0.009510945,2.179431,0.733912,-0.007144618,2.191635,0.7763985,-0.007580597,2.082816,0.768936,-0.00905943,2.214009,0.7003805,-0.005417209,2.514024,0.8142085,-0.005407499,1.85094,0.741673,-0.008141835,1.899756,0.7640605,-0.009255572,2.103156,0.7517225,-0.006943621,2.38832,0.7377468,-0.007813399,2.208184,0.7545454,-0.006664053,2.366056,0.7533526,-0.008494783,2.249676,0.7750218,-0.006160847,2.348852,0.7624974,-0.008279403,2.520892,0.7620998,-0.006717898,2.24158,0.7317828,-0.006659158,1.990604,0.7860552,-0.01079837,2.129248,0.7704494,-0.007388513,2.498628,0.7208488,-0.006482938,2.534048,0.811104,-0.008882467,2.078648,0.806134,-0.01016202,2.399452,0.7516628,-0.005694843,2.381236,0.7664734,-0.006063926,1.929884,0.802158,-0.007973955,2.542144,0.733572,-0.004916538,2.0493,0.7866516,-0.007896614,2.14544,0.7801906,-0.009007779,2.245628,0.7343672,-0.008740512,2.24158,0.758919,-0.006556363,2.557324,0.7384426,-0.007221104,1.964292,0.7779044,-0.009552103,2.734424,0.711207,-0.009374904,2.075612,0.7582232,-0.01208086,2.471304,0.7616028,-0.006547552,2.508748,0.7823774,-0.01011307,2.395404,0.7707476,-0.008807084,2.2264,0.8008658,-0.009471825,2.239556,0.7326774,-0.004872483
17250,579.71,2.334528,0.5964314,-0.007634184,2.321424,0.5762184,-0.006103311,2.834496,0.5691192,-0.005394093,2.601648,0.5423986,-0.007993598,2.40408,0.6057984,-0.006660691,2.796192,0.5607382,-0.008292469,2.796192,0.5495964,-0.004632981,2.527056,0.6353784,-0.009473538,2.208528,0.6459286,-0.006586694,2.4948,0.6313358,-0.007569797,3.207456,0.513706,-0.008123333,2.614752,0.62611,-0.005701613,2.188368,0.6809316,-0.006598226,2.883888,0.6213772,-0.006839437,2.589552,0.641393,-0.009182355,2.552256,0.6126018,-0.009567716,2.554272,0.541314,-0.006175386,2.602656,0.5879518,-0.005190361,2.406096,0.5996852,-0.007766802,2.713536,0.5793736,-0.005351809,2.523024,0.597023,-0.006270525,2.347632,0.609841,-0.004726198,2.285136,0.6030376,-0.00794747,2.453472,0.5828246,-0.005649719,2.794425,0.572631,-0.007038124,2.583962,0.5998285,-0.008136796,2.804495,0.5896418,-0.0066232,2.610144,0.6199052,-0.004744354,2.902174,0.6397841,-0.006718652,2.917279,0.6098174,-0.005687186,2.763208,0.5675871,-0.004765782,2.465136,0.6340479,-0.008625744,2.655459,0.6018065,-0.006687484,2.942454,0.5692684,-0.004857338,2.897139,0.6178283,-0.006674822,2.600074,0.6644102,-0.008117316,2.868943,0.6113009,-0.005160252,2.705809,0.5908286,-0.004973244,2.231512,0.6400808,-0.007186172,2.96058,0.5811364,-0.004398584,2.580941,0.6470038,-0.00686183,2.684662,0.6492785,-0.00690566,2.753138,0.6119932,-0.007585512,2.590004,0.5908286,-0.005192394,2.721921,0.5550268,-0.003963206,2.381555,0.6338501,-0.008462112,3.367408,0.5930044,-0.006473204,2.505416,0.6266304,-0.009103978,3.011937,0.6150591,-0.005159278,2.985755,0.5958725,-0.007741352,2.824635,0.6189162,-0.006028086,2.456073,0.6129822,-0.006382622,2.494339,0.5522576,-0.004513516
17000,588.24,2.758008,0.4505086,-0.0064347,2.711502,0.4474365,-0.005227772,3.020868,0.4056163,-0.00531164,2.829789,0.3905531,-0.00970748,2.80047,0.4624997,-0.005802316,3.50817,0.3799494,-0.004898084,3.067374,0.3945171,-0.005585416,2.906625,0.4755809,-0.007613672,2.702403,0.5094731,-0.005413824,2.798448,0.469734,-0.006219728,3.550632,0.3690484,-0.005839912,3.006714,0.4777611,-0.005148724,2.524467,0.4893558,-0.005173788,3.165441,0.4450581,-0.006032712,3.013791,0.4907432,-0.007744776,2.848998,0.4639862,-0.00614068,2.898537,0.4144362,-0.00544178,2.789349,0.4339589,-0.006016324,2.826756,0.4661664,-0.006205268,3.107814,0.4443644,-0.004502844,3.140166,0.4584366,-0.003856964,2.6286,0.4515987,-0.004948212,2.619501,0.4514996,-0.006517604,2.831811,0.4458509,-0.005018584,3.179966,0.4323696,-0.00620488,2.954622,0.447228,-0.006617248,3.286602,0.4535256,-0.005242688,3.087414,0.470844,-0.00351868,3.198074,0.4829472,-0.00547888,3.362052,0.4551984,-0.00405108,3.182984,0.4530336,-0.003902008,2.809758,0.4744848,-0.006445912,2.989832,0.4587408,-0.00488356,3.377142,0.4340424,-0.003553528,3.246362,0.4755672,-0.005582456,2.893256,0.4932792,-0.006832144,3.351992,0.4490976,-0.003686144,3.170912,0.4471296,-0.003820696,2.669924,0.4833408,-0.005269792,3.374124,0.4294176,-0.003486736,2.845974,0.4786176,-0.005155568,3.057234,0.482652,-0.005412088,3.258434,0.4754688,-0.005470168,2.99285,0.4453584,-0.004018168,3.260446,0.4293192,-0.004623168,2.79165,0.483144,-0.005825424,3.810728,0.4463424,-0.005230104,2.837926,0.4734024,-0.007207728,3.371106,0.4606104,-0.004211768,3.464664,0.4615944,-0.00572088,3.16387,0.461496,-0.005034568,2.763482,0.4607088,-0.005627952,2.974742,0.4252848,-0.0034364
16750,597.01,2.99285,0.3049698,-0.00392928,2.84698,0.2990538,-0.00435936,3.26447,0.275587,-0.00419424,3.097474,0.2601068,-0.00738336,3.008946,0.311576,-0.00489024,3.637696,0.2549796,-0.00367488,3.15884,0.2570502,-0.00461664,3.111558,0.3207458,-0.00567552,2.810764,0.3449028,-0.00478752,2.916394,0.3074348,-0.0048048,3.573312,0.2444294,-0.004272,3.37513,0.3310988,-0.00291744,2.723242,0.3348456,-0.0041712,3.346962,0.3006314,-0.00376608,3.127654,0.328831,-0.00607776,2.966694,0.308125,-0.00398496,3.146768,0.2853484,-0.00338304,2.976754,0.2932364,-0.00428736,3.021018,0.3168018,-0.00474816,3.251392,0.297279,-0.00305088,3.255416,0.3039838,-0.0026304,2.900298,0.3148298,-0.00336192,2.819818,0.3070404,-0.00401856,3.034096,0.3037866,-0.00388896,3.368074,0.2917522,-0.004271722,3.093252,0.2973496,-0.00487622,3.386128,0.304911,-0.003526398,3.136381,0.3107048,-0.00298896,3.373089,0.3336836,-0.003971868,3.502476,0.307857,-0.002831848,3.47038,0.3177752,-0.002686232,2.900676,0.3154184,-0.0039757,3.176501,0.3164986,-0.003253368,3.423239,0.2894936,-0.002434278,3.419227,0.3290682,-0.003754402,2.98894,0.3351566,-0.00500076,3.401173,0.299019,-0.003205468,3.18954,0.2874314,-0.003518734,2.900676,0.3336836,-0.003713208,3.528554,0.2946,-0.001937076,2.873595,0.3090354,-0.003752486,3.226651,0.3418342,-0.0037362,3.4102,0.3273988,-0.00404276,3.120333,0.3036344,-0.002719762,3.304885,0.281834,-0.003618366,2.935781,0.3266132,-0.003959414,3.8114,0.2949928,-0.00374099,2.962862,0.3140436,-0.005109972,3.547611,0.321605,-0.00314703,3.379107,0.2957784,-0.004228612,3.148417,0.3022596,-0.00339132,2.810406,0.3006884,-0.00410503,2.944808,0.2815394,-0.00248122
16500,606.06,2.895984,0.1802408,-0.002582008,2.789136,0.1761982,-0.003082248,3.221568,0.1595348,-0.002673398,2.944368,0.1468154,-0.005096676,2.935296,0.1831002,-0.00371813,3.420144,0.1489846,-0.002596438,3.015936,0.150858,-0.003105336,3.060288,0.187833,-0.003673878,2.73168,0.2086376,-0.003991338,2.984688,0.1875372,-0.002588742,3.34656,0.1399134,-0.003282344,3.181248,0.1864526,-0.002326116,2.713536,0.2035104,-0.002509858,3.307248,0.1761982,-0.002725346,3.081456,0.1896078,-0.004688788,3.022992,0.1906924,-0.002343432,2.949408,0.1595348,-0.003146702,2.904048,0.1712682,-0.003201536,2.96352,0.18241,-0.003221738,3.32136,0.1782688,-0.00281866,3.154032,0.174522,-0.001477632,2.76192,0.1813254,-0.002461758,2.831472,0.1792548,-0.00364598,2.957472,0.1768884,-0.002500238,3.27,0.165467,-0.003515061,3.09,0.1761708,-0.004559148,3.212,0.1766618,-0.002403984,3.006,0.1862854,-0.00146421,3.133,0.1903116,-0.002538921,3.359,0.180197,-0.001728342,3.043,0.1795096,-0.001847967,2.971,0.1940432,-0.002352306,2.917,0.179706,-0.002102529,3.263,0.1692968,-0.001470909,3.188,0.1876602,-0.00226809,2.902,0.1971856,-0.003005937,3.294,0.1813754,-0.001364682,3.069,0.171359,-0.002317854,2.826,0.1964982,-0.002331252,3.257,0.167431,-0.001486221,3.007,0.1943378,-0.002817408,3.17,0.2002298,-0.002310198,3.407,0.2040596,-0.002099658,2.998,0.1794114,-0.001600104,3.148,0.1647796,-0.002021184,2.896,0.1946324,-0.002569545,3.684,0.1699842,-0.00217239,3.011,0.1918828,-0.003015507,3.304,0.188544,-0.001764708,3.371,0.177251,-0.002272875,3.129,0.1825538,-0.00218196,2.935,0.185107,-0.00247863,2.961,0.1629138,-0.002378145
16250,615.38,2.613216,0.09165,-0.002422782,2.440872,0.09054825,-0.001982102,2.7555,0.079326,-0.001290426,2.618226,0.07670325,-0.002518582,2.643276,0.094263,-0.002528162,2.976942,0.07321275,-0.001735896,2.712414,0.07652775,-0.002188072,2.667324,0.09503325,-0.002125802,2.487966,0.108225,-0.00188247,2.624238,0.09945,-0.000726451,2.878746,0.069771,-0.001981144,2.869728,0.100425,-0.000506878,2.492976,0.108615,-0.001505018,2.90079,0.0892515,-0.001443706,2.697384,0.0979875,-0.002400748,2.557104,0.0950625,-0.001160138,2.65029,0.07810725,-0.002376798,2.608206,0.08672625,-0.001722484,2.657304,0.0938535,-0.00186331,2.902794,0.087438,-0.001905462,2.839668,0.08937825,-0.000976202,2.5551,0.09641775,-0.000806253,2.502996,0.092352,-0.001476278,2.566122,0.08852025,-0.001760804,2.850288,0.08468502,-0.002178355,2.695598,0.09104202,-0.002361715,2.82933,0.0897804,-0.001211895,2.656676,0.09395646,-0.000832856,2.806376,0.1019076,-0.00123959,2.856276,0.0895848,-0.000866376,2.716556,0.09314472,-0.001076285,2.595798,0.09560928,-0.001379975,2.680628,0.09451392,-0.001053365,2.843302,0.08571192,-0.000772977,2.826336,0.0978978,-0.001051455,2.575838,0.1024944,-0.00170945,2.762464,0.0879711,-0.00119757,2.746496,0.08759946,-0.001125945,2.527934,0.1010274,-0.000994155,2.820348,0.08432316,-0.000860073,2.557874,0.09230364,-0.001620635,2.5948,0.099756,-0.00121285,2.850288,0.09719364,-0.001070555,2.657674,0.0904161,-0.00174956,2.7445,0.08310066,-0.001211895,2.545898,0.09707628,-0.001376155,3.051884,0.08608356,-0.001188975,2.637714,0.09625476,-0.001729505,2.770448,0.09185376,-0.00107724,2.775438,0.09028896,-0.00151081,2.636716,0.089487,-0.00140958,2.55987,0.09399558,-0.001372335,2.61975,0.08437206,-0.000920907
16000,625,2.12212,0.03755444,-0.001303028,2.046044,0.03768171,-0.001119476,2.188186,0.03114199,-0.000903707,2.147145,0.03084829,-0.001707416,2.155153,0.03903273,-0.00159652,2.305303,0.02939937,-0.000995196,2.137135,0.03022173,-0.001518128,2.223221,0.03829848,-0.001146244,2.120118,0.04682557,-0.001517172,2.108106,0.03898378,-0.001017184,2.273271,0.02921336,-0.00117588,2.233231,0.03428458,-0.000662795,2.080078,0.04386899,-0.001034392,2.249247,0.03410836,-0.001074544,2.151149,0.03821037,-0.001488492,2.139137,0.04000194,-0.000623312,2.109107,0.03157275,-0.0012906,2.077075,0.0349503,-0.001393848,2.144142,0.03873903,-0.000924834,2.247245,0.03550833,-0.000750556,2.366364,0.03735864,-0.000973208,2.057055,0.03816142,-0.001383332,2.107105,0.03623279,-0.001301116,2.120118,0.03468597,-0.00120934,2.226301,0.031168,-0.001796324,2.175454,0.03502504,-0.001889056,2.197388,0.03639838,-0.00053058,2.156511,0.03927168,-0.000233838,2.157508,0.03952492,-0.00068985,2.216331,0.03484972,-0.000346263,2.131586,0.03610618,-0.000498745,2.121616,0.04106384,-0.000370163,2.065784,0.03789834,-0.00073373,2.227298,0.03425558,-0.000393012,2.215334,0.03884312,-0.000461366,2.075754,0.0409567,-0.000874644,2.21334,0.0385217,-0.000271886,2.114637,0.03422636,-0.000729237,2.065784,0.04054762,-0.000599316,2.206361,0.03380754,-0.000454291,2.15352,0.03805418,-0.000847112,2.070769,0.04033334,-0.000620348,2.284127,0.0411515,-0.000232308,2.126601,0.03782042,-0.000408403,2.179442,0.03536594,-0.000545972,2.074757,0.03961258,-0.000764609,2.275154,0.03518088,-0.00040305,2.164487,0.04039178,-0.000744342,2.165484,0.04092748,-0.000534595,2.211346,0.03499582,-0.000467006,2.168475,0.03936908,-0.000446548,2.097688,0.04063528,-0.000638321,2.415731,0.04157032,9.3975E-06
15500,645.16,1,0,0,1,0,0,1,0,0,1,0,0,1,0,0,1,0,0,1,0,0,1,0,0,1,0,0,1,0,0,1,0,0,1,0,0,1,0,0,1,0,0,1,0,0,1,0,0,1,0,0,1,0,0,1,0,0,1,0,0,1,0,0,1,0,0,1,0,0,1,0,0,1,0,0,1,0,0,1,0,0,1,0,0,1,0,0,1,0,0,1,0,0,1,0,0,1,0,0,1,0,0,1,0,0,1,0,0,1,0,0,1,0,0,1,0,0,1,0,0,1,0,0,1,0,0,1,0,0,1,0,0,1,0,0,1,0,0,1,0,0,1,0,0,1,0,0,1,0,0,1,0,0,1,0,0,1,0,0
15000,666.67,0.2995002,-0.00178285,0.00016947,0.3098898,-0.002101005,6.21359E-05,0.2994003,-0.00140264,6.39752E-05,0.2995002,-0.001273605,0.000259618,0.3082914,-0.0016942,-3.83392E-05,0.2966031,-0.00140658,0.000075021,0.2851146,-0.001263755,7.14668E-05,0.2943054,-0.00188529,4.95861E-05,0.3067929,-0.002465455,8.91706E-05,0.3155841,-0.00185574,0.000115535,0.2880117,-0.001143585,6.23371E-05,0.2899098,-0.0017336,9.42097E-05,0.3053943,-0.002396505,5.55257E-05,0.2821176,-0.001803535,-1.98593E-05,0.2954043,-0.002022205,7.39193E-05,0.30969,-0.00213351,5.93289E-05,0.3011985,-0.001693215,8.77624E-05,0.2920077,-0.0018912,0.000048379,0.3095901,-0.00211381,4.74018E-05,0.2865132,-0.00169814,4.20083E-05,0.291708,-0.001837025,4.03893E-05,0.2990007,-0.001547435,4.69324E-05,0.3087909,-0.001714885,8.38537E-05,0.3024972,-0.00228717,8.143E-07,0.2860833,-0.001553064,4.60114E-05,0.2954175,-0.001827882,1.72388E-05,0.2825085,-0.001703676,4.00489E-05,0.28797,-0.001841574,2.41553E-05,0.2724792,-0.001776048,7.5271E-06,0.2837994,-0.00163815,2.52715E-05,0.2845938,-0.00185331,5.21456E-05,0.2960133,-0.002040108,7.03289E-05,0.2892609,-0.001992186,2.39263E-05,0.2880693,-0.001748664,2.75706E-05,0.2891616,-0.001748664,6.99664E-05,0.2993895,-0.002326662,2.31059E-05,0.3111069,-0.00234231,1.9175E-06,0.2921406,-0.00173595,3.48782E-05,0.3021699,-0.002302212,3.73586E-05,0.2938287,-0.001649886,3.40864E-05,0.2936301,-0.002301234,3.2627E-06,0.2960133,-0.002280696,2.81335E-05,0.2906511,-0.001966758,6.82015E-05,0.3000846,-0.00179952,4.50002E-05,0.2862819,-0.001622502,4.60305E-05,0.2996874,-0.002062602,5.88046E-05,0.2926371,-0.00181419,1.54357E-05,0.3107097,-0.001942308,9.47227E-05,0.2913462,-0.001654776,3.77021E-05,0.2934315,-0.001811256,6.87071E-05,0.2881686,-0.001722258,3.62997E-05,0.294921,-0.001903188,3.58132E-05,0.31776,-0.001796586,2.64449E-05
14500,689.66,0.0606353,-0.000464209,3.53037E-05,0.0623268,-0.000520519,1.87668E-05,0.0613915,-0.000347765,2.68439E-05,0.06098355,-0.000369837,4.76873E-05,0.0610134,-0.000430855,7.369E-07,0.0570533,-0.000346587,1.87668E-05,0.05807815,-0.000357182,1.64317E-05,0.06002835,-0.000470095,2.02406E-05,0.06227705,-0.000644125,2.47767E-05,0.06128205,-0.000469605,3.20786E-05,0.05684435,-0.000290082,0.000016269,0.05831695,-0.000451064,2.23651E-05,0.06329195,-0.000625191,1.97046E-05,0.05686425,-0.000418004,1.05557E-05,0.06148105,-0.000530819,2.50734E-05,0.0605557,-0.000492658,2.06234E-05,0.0590831,-0.000403191,2.76669E-05,0.0616701,-0.000485301,1.69293E-05,0.064277,-0.000549752,1.52642E-05,0.05789905,-0.000442922,5.8377E-06,0.05764035,-0.000443216,1.51015E-05,0.06219745,-0.000421536,0.000023657,0.0636601,-0.000475,1.42593E-05,0.06221735,-0.000522088,1.50728E-05,0.0573872,-0.000392619,1.04054E-05,0.06047232,-0.000483591,1.82974E-05,0.0578832,-0.00044278,1.34232E-05,0.06225792,-0.000490312,8.6918E-06,0.05820064,-0.000536382,1.67171E-05,0.05794272,-0.00044804,8.4442E-06,0.05806176,-0.000469371,8.9678E-06,0.0583792,-0.000478234,3.01594E-05,0.06313088,-0.000526642,1.31757E-05,0.05812128,-0.000452131,5.5787E-06,0.05835936,-0.00047687,1.12336E-05,0.062,-0.000559953,1.75644E-05,0.06102784,-0.000567355,1.03387E-05,0.05526432,-0.000451352,0.000001447,0.06152384,-0.000536479,2.25243E-05,0.0597184,-0.000427878,0.000008092,0.05875616,-0.000536771,3.7509E-06,0.05978784,-0.000548946,1.87354E-05,0.055304,-0.000463137,2.21054E-05,0.06137504,-0.000466449,1.59555E-05,0.060512,-0.000468202,1.45942E-05,0.0612064,-0.000548849,1.74692E-05,0.05637536,-0.000411807,1.28996E-05,0.06396416,-0.000535603,2.56374E-05,0.05670272,-0.000436449,1.48893E-05,0.05845856,-0.000482812,0.000015708,0.05910336,-0.000464598,1.28234E-05,0.06256544,-0.000528103,1.32709E-05,0.06478752,-0.000483688,8.5299E-06
14000,714.29,0.009709554,-6.93841E-05,6.0897E-06,0.00996972,-0.000083032,2.8298E-06,0.009827721,-5.70651E-05,2.6099E-06,0.009655932,-5.78605E-05,7.2082E-06,0.00977112,-6.60473E-05,1.5392E-06,0.009505989,-0.000063244,1.8068E-06,0.009260718,-5.84425E-05,2.5334E-06,0.009420591,-7.16054E-05,2.7915E-06,0.00986049,-9.60009E-05,4.8469E-06,0.01019811,-0.000088173,0.000000717,0.009386829,-4.91693E-05,5.4683E-06,0.009446409,-8.17419E-05,5.9846E-06,0.01030734,-0.000102723,3.0401E-06,0.008970762,-6.72695E-05,7.361E-07,0.01016832,-9.05883E-05,0.000004694,0.009876378,-7.62517E-05,5.9559E-06,0.009223977,-6.23225E-05,7.0075E-06,0.01001937,-7.15375E-05,5.6022E-06,0.01063503,-8.79305E-05,3.5659E-06,0.009472227,-7.06548E-05,3.3842E-06,0.009495066,-6.57466E-05,0.000006778,0.01039671,-6.17405E-05,7.7245E-06,0.01000944,-7.03541E-05,5.7073E-06,0.009883329,-7.87543E-05,3.9578E-06,0.009096389,-5.98408E-05,2.9798E-06,0.009908018,-8.23847E-05,4.6362E-06,0.009372878,-6.95382E-05,2.3514E-06,0.01022712,-7.32073E-05,0.000002599,0.009035938,-0.000074854,3.2178E-06,0.009396662,-6.98657E-05,1.5042E-06,0.009519546,-7.62792E-05,3.998E-07,0.009645403,-8.05357E-05,2.7227E-06,0.00999919,-8.00157E-05,2.1039E-06,0.009527474,-6.98945E-05,0.000001666,0.009319364,-7.23309E-05,2.5133E-06,0.009827747,-8.70745E-05,4.6553E-06,0.01019739,-9.11672E-05,2.1134E-06,0.009063686,-6.93745E-05,6.664E-07,0.00994964,-9.05509E-05,1.8374E-06,0.009795044,-6.40202E-05,5.2074E-06,0.009623601,-8.34632E-05,1.2471E-06,0.01065325,-9.47303E-05,3.5129E-06,0.008986388,-7.34384E-05,4.0365E-06,0.009709818,-7.17628E-05,3.2273E-06,0.009718737,-6.85078E-05,2.1134E-06,0.00999919,-8.57744E-05,2.5894E-06,0.009217291,-6.76411E-05,2.4752E-06,0.01035595,-8.84323E-05,4.6553E-06,0.009189543,-6.62833E-05,4.1126E-06,0.00979108,-8.36077E-05,3.0178E-06,0.009710809,-7.41799E-05,4.6077E-06,0.0100091,-8.28276E-05,4.3506E-06,0.01089109,-8.30395E-05,3.2654E-06